<assembly xmlns="http://maven.apache.org/plugins/maven-assembly-plugin/assembly/1.1.0" 
  xmlns:xsi="http://www.w3.org/2001/XMLSchema-instance"
  xsi:schemaLocation="http://maven.apache.org/plugins/maven-assembly-plugin/assembly/1.1.0 http://maven.apache.org/xsd/assembly-1.1.0.xsd">
  <id>jar-with-dependencies</id>
  <formats>
    <format>jar</format>
  </formats>
  <includeBaseDirectory>false</includeBaseDirectory>
  <dependencySets>
    <dependencySet>
      <outputDirectory>/</outputDirectory>
      <useProjectArtifact>true</useProjectArtifact>
      <unpack>true</unpack>
      <scope>runtime</scope>
      <unpackOptions> 
          <excludes> 
              <!-- jocl puts its native libs here and we don't want them there -->
              <exclude>lib/</exclude> 
          </excludes> 
      </unpackOptions> 
    </dependencySet>
  </dependencySets>
  <!-- This concatenates all the META-INF/services/* files into one where
       otherwise they would clobber each other -->
  <containerDescriptorHandlers>
      <containerDescriptorHandler>
          <handlerName>metaInf-services</handlerName>
      </containerDescriptorHandler>
  </containerDescriptorHandlers>
</assembly>

